"Confirmed fragments if intensity is above 1000 and number of scans is greater than or equal to 1","Cer-NS","[M-H]-","[M-CO-H]-","[M-CO-3H]-","[M-CO-O-3H]-","[FA+NCCO-3H]-","[FA+NCCO-O-3H]-","[Sph-N-O-5H]-","[FA+N-H]-","[Sph-NCC-3H]-","[FA-3H]-","RT_min","RT_max","Comment","RT at Max Intensity","Cer-NS","[M-H]-","[M-CO-H]-","[M-CO-3H]-","[M-CO-O-3H]-","[FA+NCCO-3H]-","[FA+NCCO-O-3H]-","[Sph-N-O-5H]-","[FA+N-H]-","[Sph-NCC-3H]-","[FA-3H]-","RT_min","RT_max","Comment","Number of Scans","Cer-NS","[M-H]-","[M-CO-H]-","[M-CO-3H]-","[M-CO-O-3H]-","[FA+NCCO-3H]-","[FA+NCCO-O-3H]-","[Sph-N-O-5H]-","[FA+N-H]-","[Sph-NCC-3H]-","[FA-3H]-","RT_min","RT_max","Comment","Max Intensity","Cer-NS","[M-H]-","[M-CO-H]-","[M-CO-3H]-","[M-CO-O-3H]-","[FA+NCCO-3H]-","[FA+NCCO-O-3H]-","[Sph-N-O-5H]-","[FA+N-H]-","[Sph-NCC-3H]-","[FA-3H]-","RT_min","RT_max","Comment","Average m/z","Cer-NS","[M-H]-","[M-CO-H]-","[M-CO-3H]-","[M-CO-O-3H]-","[FA+NCCO-3H]-","[FA+NCCO-O-3H]-","[Sph-N-O-5H]-","[FA+N-H]-","[Sph-NCC-3H]-","[FA-3H]-","RT_min","RT_max","Comment","Theoretical, Library Parent Hits","Cer-NS","[M-H]-","[M-CO-H]-","[M-CO-3H]-","[M-CO-O-3H]-","[FA+NCCO-3H]-","[FA+NCCO-O-3H]-","[Sph-N-O-5H]-","[FA+N-H]-","[Sph-NCC-3H]-","[FA-3H]-","RT_min","RT_max","Comment"
"","Cer-NS(d15:1/42:2)-H",0,0,0,0,0,0,0,0,0,0,"1.76297424242424","2.06297424242424","3756","","Cer-NS(d15:1/42:2)-H",0,0,0,0,0,0,0,0,0,0,"1.76297424242424","2.06297424242424","3756","","Cer-NS(d15:1/42:2)-H",0,0,0,0,0,0,0,0,0,0,"1.76297424242424","2.06297424242424","3756","","Cer-NS(d15:1/42:2)-H",0,0,0,0,0,0,0,0,0,0,"1.76297424242424","2.06297424242424","3756","","Cer-NS(d15:1/42:2)-H",0,0,0,0,0,0,0,0,0,0,"1.76297424242424","2.06297424242424","3756","","Cer-NS(d15:1/42:2)-H","854.8329","824.8224","822.8067","806.8118","656.6346","640.6396","221.1911","614.6245","195.1754","597.598","1.76297424242424","2.06297424242424","3756"
"","Cer-NS(d15:1/42:2)-H",0,0,0,0,0,0,0,0,0,0,"13.114903030303","13.414903030303","4035","","Cer-NS(d15:1/42:2)-H",0,0,0,0,0,0,0,0,0,0,"13.114903030303","13.414903030303","4035","","Cer-NS(d15:1/42:2)-H",0,0,0,0,0,0,0,0,0,0,"13.114903030303","13.414903030303","4035","","Cer-NS(d15:1/42:2)-H",0,0,0,0,0,0,0,0,0,0,"13.114903030303","13.414903030303","4035","","Cer-NS(d15:1/42:2)-H",0,0,0,0,0,0,0,0,0,0,"13.114903030303","13.414903030303","4035","","Cer-NS(d15:1/42:2)-H","854.8329","824.8224","822.8067","806.8118","656.6346","640.6396","221.1911","614.6245","195.1754","597.598","13.114903030303","13.414903030303","4035"
"","Cer-NS(d15:2/42:1)-H",0,0,0,0,0,0,0,0,0,0,"1.76297424242424","2.06297424242424","3756","","Cer-NS(d15:2/42:1)-H",0,0,0,0,0,0,0,0,0,0,"1.76297424242424","2.06297424242424","3756","","Cer-NS(d15:2/42:1)-H",0,0,0,0,0,0,0,0,0,0,"1.76297424242424","2.06297424242424","3756","","Cer-NS(d15:2/42:1)-H",0,0,0,0,0,0,0,0,0,0,"1.76297424242424","2.06297424242424","3756","","Cer-NS(d15:2/42:1)-H",0,0,0,0,0,0,0,0,0,0,"1.76297424242424","2.06297424242424","3756","","Cer-NS(d15:2/42:1)-H","854.8329","824.8224","822.8067","806.8118","658.6502","642.6553","219.1754","616.6402","193.1598","599.6136","1.76297424242424","2.06297424242424","3756"
"","Cer-NS(d15:2/42:1)-H",0,0,0,0,0,0,0,0,0,0,"13.114903030303","13.414903030303","4035","","Cer-NS(d15:2/42:1)-H",0,0,0,0,0,0,0,0,0,0,"13.114903030303","13.414903030303","4035","","Cer-NS(d15:2/42:1)-H",0,0,0,0,0,0,0,0,0,0,"13.114903030303","13.414903030303","4035","","Cer-NS(d15:2/42:1)-H",0,0,0,0,0,0,0,0,0,0,"13.114903030303","13.414903030303","4035","","Cer-NS(d15:2/42:1)-H",0,0,0,0,0,0,0,0,0,0,"13.114903030303","13.414903030303","4035","","Cer-NS(d15:2/42:1)-H","854.8329","824.8224","822.8067","806.8118","658.6502","642.6553","219.1754","616.6402","193.1598","599.6136","13.114903030303","13.414903030303","4035"
"","Cer-NS(d15:3/42:0)-H",0,0,0,0,0,0,0,0,0,0,"1.76297424242424","2.06297424242424","3756","","Cer-NS(d15:3/42:0)-H",0,0,0,0,0,0,0,0,0,0,"1.76297424242424","2.06297424242424","3756","","Cer-NS(d15:3/42:0)-H",0,0,0,0,0,0,0,0,0,0,"1.76297424242424","2.06297424242424","3756","","Cer-NS(d15:3/42:0)-H",0,0,0,0,0,0,0,0,0,0,"1.76297424242424","2.06297424242424","3756","","Cer-NS(d15:3/42:0)-H",0,0,0,0,0,0,0,0,0,0,"1.76297424242424","2.06297424242424","3756","","Cer-NS(d15:3/42:0)-H","854.8329","824.8224","822.8067","806.8118","660.6659","644.671","217.1598","618.6558","191.1441","601.6293","1.76297424242424","2.06297424242424","3756"
"","Cer-NS(d15:3/42:0)-H",0,0,0,0,0,0,0,0,0,0,"13.114903030303","13.414903030303","4035","","Cer-NS(d15:3/42:0)-H",0,0,0,0,0,0,0,0,0,0,"13.114903030303","13.414903030303","4035","","Cer-NS(d15:3/42:0)-H",0,0,0,0,0,0,0,0,0,0,"13.114903030303","13.414903030303","4035","","Cer-NS(d15:3/42:0)-H",0,0,0,0,0,0,0,0,0,0,"13.114903030303","13.414903030303","4035","","Cer-NS(d15:3/42:0)-H",0,0,0,0,0,0,0,0,0,0,"13.114903030303","13.414903030303","4035","","Cer-NS(d15:3/42:0)-H","854.8329","824.8224","822.8067","806.8118","660.6659","644.671","217.1598","618.6558","191.1441","601.6293","13.114903030303","13.414903030303","4035"
"","Cer-NS(d17:1/40:2)-H",0,0,0,0,0,0,0,0,0,0,"1.76297424242424","2.06297424242424","3756","","Cer-NS(d17:1/40:2)-H",0,0,0,0,0,0,0,0,0,0,"1.76297424242424","2.06297424242424","3756","","Cer-NS(d17:1/40:2)-H",0,0,0,0,0,0,0,0,0,0,"1.76297424242424","2.06297424242424","3756","","Cer-NS(d17:1/40:2)-H",0,0,0,0,0,0,0,0,0,0,"1.76297424242424","2.06297424242424","3756","","Cer-NS(d17:1/40:2)-H",0,0,0,0,0,0,0,0,0,0,"1.76297424242424","2.06297424242424","3756","","Cer-NS(d17:1/40:2)-H","854.8329","824.8224","822.8067","806.8118","628.6033","612.6083","249.2224","586.5933","223.2067","569.5667","1.76297424242424","2.06297424242424","3756"
"","Cer-NS(d17:1/40:2)-H",0,0,0,0,0,0,0,0,0,0,"13.114903030303","13.414903030303","4035","","Cer-NS(d17:1/40:2)-H",0,0,0,0,0,0,0,0,0,0,"13.114903030303","13.414903030303","4035","","Cer-NS(d17:1/40:2)-H",0,0,0,0,0,0,0,0,0,0,"13.114903030303","13.414903030303","4035","","Cer-NS(d17:1/40:2)-H",0,0,0,0,0,0,0,0,0,0,"13.114903030303","13.414903030303","4035","","Cer-NS(d17:1/40:2)-H",0,0,0,0,0,0,0,0,0,0,"13.114903030303","13.414903030303","4035","","Cer-NS(d17:1/40:2)-H","854.8329","824.8224","822.8067","806.8118","628.6033","612.6083","249.2224","586.5933","223.2067","569.5667","13.114903030303","13.414903030303","4035"
"","Cer-NS(d17:2/40:1)-H",0,0,0,0,0,0,0,0,0,0,"1.76297424242424","2.06297424242424","3756","","Cer-NS(d17:2/40:1)-H",0,0,0,0,0,0,0,0,0,0,"1.76297424242424","2.06297424242424","3756","","Cer-NS(d17:2/40:1)-H",0,0,0,0,0,0,0,0,0,0,"1.76297424242424","2.06297424242424","3756","","Cer-NS(d17:2/40:1)-H",0,0,0,0,0,0,0,0,0,0,"1.76297424242424","2.06297424242424","3756","","Cer-NS(d17:2/40:1)-H",0,0,0,0,0,0,0,0,0,0,"1.76297424242424","2.06297424242424","3756","","Cer-NS(d17:2/40:1)-H","854.8329","824.8224","822.8067","806.8118","630.6189","614.624","247.2067","588.6089","221.1911","571.5823","1.76297424242424","2.06297424242424","3756"
"","Cer-NS(d17:2/40:1)-H",0,0,0,0,0,0,0,0,0,0,"13.114903030303","13.414903030303","4035","","Cer-NS(d17:2/40:1)-H",0,0,0,0,0,0,0,0,0,0,"13.114903030303","13.414903030303","4035","","Cer-NS(d17:2/40:1)-H",0,0,0,0,0,0,0,0,0,0,"13.114903030303","13.414903030303","4035","","Cer-NS(d17:2/40:1)-H",0,0,0,0,0,0,0,0,0,0,"13.114903030303","13.414903030303","4035","","Cer-NS(d17:2/40:1)-H",0,0,0,0,0,0,0,0,0,0,"13.114903030303","13.414903030303","4035","","Cer-NS(d17:2/40:1)-H","854.8329","824.8224","822.8067","806.8118","630.6189","614.624","247.2067","588.6089","221.1911","571.5823","13.114903030303","13.414903030303","4035"
"","Cer-NS(d17:3/40:0)-H",0,0,0,0,0,0,0,0,0,0,"1.76297424242424","2.06297424242424","3756","","Cer-NS(d17:3/40:0)-H",0,0,0,0,0,0,0,0,0,0,"1.76297424242424","2.06297424242424","3756","","Cer-NS(d17:3/40:0)-H",0,0,0,0,0,0,0,0,0,0,"1.76297424242424","2.06297424242424","3756","","Cer-NS(d17:3/40:0)-H",0,0,0,0,0,0,0,0,0,0,"1.76297424242424","2.06297424242424","3756","","Cer-NS(d17:3/40:0)-H",0,0,0,0,0,0,0,0,0,0,"1.76297424242424","2.06297424242424","3756","","Cer-NS(d17:3/40:0)-H","854.8329","824.8224","822.8067","806.8118","632.6346","616.6396","245.1911","590.6245","219.1754","573.598","1.76297424242424","2.06297424242424","3756"
"","Cer-NS(d17:3/40:0)-H",0,0,0,0,0,0,0,0,0,0,"13.114903030303","13.414903030303","4035","","Cer-NS(d17:3/40:0)-H",0,0,0,0,0,0,0,0,0,0,"13.114903030303","13.414903030303","4035","","Cer-NS(d17:3/40:0)-H",0,0,0,0,0,0,0,0,0,0,"13.114903030303","13.414903030303","4035","","Cer-NS(d17:3/40:0)-H",0,0,0,0,0,0,0,0,0,0,"13.114903030303","13.414903030303","4035","","Cer-NS(d17:3/40:0)-H",0,0,0,0,0,0,0,0,0,0,"13.114903030303","13.414903030303","4035","","Cer-NS(d17:3/40:0)-H","854.8329","824.8224","822.8067","806.8118","632.6346","616.6396","245.1911","590.6245","219.1754","573.598","13.114903030303","13.414903030303","4035"
"","Cer-NS(d19:1/38:2)-H",0,0,0,0,0,0,0,0,0,0,"1.76297424242424","2.06297424242424","3756","","Cer-NS(d19:1/38:2)-H",0,0,0,0,0,0,0,0,0,0,"1.76297424242424","2.06297424242424","3756","","Cer-NS(d19:1/38:2)-H",0,0,0,0,0,0,0,0,0,0,"1.76297424242424","2.06297424242424","3756","","Cer-NS(d19:1/38:2)-H",0,0,0,0,0,0,0,0,0,0,"1.76297424242424","2.06297424242424","3756","","Cer-NS(d19:1/38:2)-H",0,0,0,0,0,0,0,0,0,0,"1.76297424242424","2.06297424242424","3756","","Cer-NS(d19:1/38:2)-H","854.8329","824.8224","822.8067","806.8118","600.572","584.577","277.2537","558.562","251.238","541.5354","1.76297424242424","2.06297424242424","3756"
"","Cer-NS(d19:1/38:2)-H",0,0,0,0,0,0,0,0,0,0,"13.114903030303","13.414903030303","4035","","Cer-NS(d19:1/38:2)-H",0,0,0,0,0,0,0,0,0,0,"13.114903030303","13.414903030303","4035","","Cer-NS(d19:1/38:2)-H",0,0,0,0,0,0,0,0,0,0,"13.114903030303","13.414903030303","4035","","Cer-NS(d19:1/38:2)-H",0,0,0,0,0,0,0,0,0,0,"13.114903030303","13.414903030303","4035","","Cer-NS(d19:1/38:2)-H",0,0,0,0,0,0,0,0,0,0,"13.114903030303","13.414903030303","4035","","Cer-NS(d19:1/38:2)-H","854.8329","824.8224","822.8067","806.8118","600.572","584.577","277.2537","558.562","251.238","541.5354","13.114903030303","13.414903030303","4035"
"","Cer-NS(d19:2/38:1)-H",0,0,0,0,0,0,0,0,0,0,"1.76297424242424","2.06297424242424","3756","","Cer-NS(d19:2/38:1)-H",0,0,0,0,0,0,0,0,0,0,"1.76297424242424","2.06297424242424","3756","","Cer-NS(d19:2/38:1)-H",0,0,0,0,0,0,0,0,0,0,"1.76297424242424","2.06297424242424","3756","","Cer-NS(d19:2/38:1)-H",0,0,0,0,0,0,0,0,0,0,"1.76297424242424","2.06297424242424","3756","","Cer-NS(d19:2/38:1)-H",0,0,0,0,0,0,0,0,0,0,"1.76297424242424","2.06297424242424","3756","","Cer-NS(d19:2/38:1)-H","854.8329","824.8224","822.8067","806.8118","602.5876","586.5927","275.238","560.5776","249.2224","543.551","1.76297424242424","2.06297424242424","3756"
"","Cer-NS(d19:2/38:1)-H",0,0,0,0,0,0,0,0,0,0,"13.114903030303","13.414903030303","4035","","Cer-NS(d19:2/38:1)-H",0,0,0,0,0,0,0,0,0,0,"13.114903030303","13.414903030303","4035","","Cer-NS(d19:2/38:1)-H",0,0,0,0,0,0,0,0,0,0,"13.114903030303","13.414903030303","4035","","Cer-NS(d19:2/38:1)-H",0,0,0,0,0,0,0,0,0,0,"13.114903030303","13.414903030303","4035","","Cer-NS(d19:2/38:1)-H",0,0,0,0,0,0,0,0,0,0,"13.114903030303","13.414903030303","4035","","Cer-NS(d19:2/38:1)-H","854.8329","824.8224","822.8067","806.8118","602.5876","586.5927","275.238","560.5776","249.2224","543.551","13.114903030303","13.414903030303","4035"
"","Cer-NS(d19:3/38:0)-H",0,0,0,0,0,0,0,0,0,0,"1.76297424242424","2.06297424242424","3756","","Cer-NS(d19:3/38:0)-H",0,0,0,0,0,0,0,0,0,0,"1.76297424242424","2.06297424242424","3756","","Cer-NS(d19:3/38:0)-H",0,0,0,0,0,0,0,0,0,0,"1.76297424242424","2.06297424242424","3756","","Cer-NS(d19:3/38:0)-H",0,0,0,0,0,0,0,0,0,0,"1.76297424242424","2.06297424242424","3756","","Cer-NS(d19:3/38:0)-H",0,0,0,0,0,0,0,0,0,0,"1.76297424242424","2.06297424242424","3756","","Cer-NS(d19:3/38:0)-H","854.8329","824.8224","822.8067","806.8118","604.6033","588.6083","273.2224","562.5933","247.2067","545.5667","1.76297424242424","2.06297424242424","3756"
"","Cer-NS(d19:3/38:0)-H",0,0,0,0,0,0,0,0,0,0,"13.114903030303","13.414903030303","4035","","Cer-NS(d19:3/38:0)-H",0,0,0,0,0,0,0,0,0,0,"13.114903030303","13.414903030303","4035","","Cer-NS(d19:3/38:0)-H",0,0,0,0,0,0,0,0,0,0,"13.114903030303","13.414903030303","4035","","Cer-NS(d19:3/38:0)-H",0,0,0,0,0,0,0,0,0,0,"13.114903030303","13.414903030303","4035","","Cer-NS(d19:3/38:0)-H",0,0,0,0,0,0,0,0,0,0,"13.114903030303","13.414903030303","4035","","Cer-NS(d19:3/38:0)-H","854.8329","824.8224","822.8067","806.8118","604.6033","588.6083","273.2224","562.5933","247.2067","545.5667","13.114903030303","13.414903030303","4035"
"","Cer-NS(d21:1/36:2)-H",0,0,0,0,0,0,0,0,0,0,"1.76297424242424","2.06297424242424","3756","","Cer-NS(d21:1/36:2)-H",0,0,0,0,0,0,0,0,0,0,"1.76297424242424","2.06297424242424","3756","","Cer-NS(d21:1/36:2)-H",0,0,0,0,0,0,0,0,0,0,"1.76297424242424","2.06297424242424","3756","","Cer-NS(d21:1/36:2)-H",0,0,0,0,0,0,0,0,0,0,"1.76297424242424","2.06297424242424","3756","","Cer-NS(d21:1/36:2)-H",0,0,0,0,0,0,0,0,0,0,"1.76297424242424","2.06297424242424","3756","","Cer-NS(d21:1/36:2)-H","854.8329","824.8224","822.8067","806.8118","572.5406","556.5458","305.285","530.5306","279.2693","513.5041","1.76297424242424","2.06297424242424","3756"
"","Cer-NS(d21:1/36:2)-H",0,0,0,0,0,0,0,0,0,0,"13.114903030303","13.414903030303","4035","","Cer-NS(d21:1/36:2)-H",0,0,0,0,0,0,0,0,0,0,"13.114903030303","13.414903030303","4035","","Cer-NS(d21:1/36:2)-H",0,0,0,0,0,0,0,0,0,0,"13.114903030303","13.414903030303","4035","","Cer-NS(d21:1/36:2)-H",0,0,0,0,0,0,0,0,0,0,"13.114903030303","13.414903030303","4035","","Cer-NS(d21:1/36:2)-H",0,0,0,0,0,0,0,0,0,0,"13.114903030303","13.414903030303","4035","","Cer-NS(d21:1/36:2)-H","854.8329","824.8224","822.8067","806.8118","572.5406","556.5458","305.285","530.5306","279.2693","513.5041","13.114903030303","13.414903030303","4035"
"","Cer-NS(d21:2/36:1)-H",0,0,0,0,0,0,0,0,0,0,"1.76297424242424","2.06297424242424","3756","","Cer-NS(d21:2/36:1)-H",0,0,0,0,0,0,0,0,0,0,"1.76297424242424","2.06297424242424","3756","","Cer-NS(d21:2/36:1)-H",0,0,0,0,0,0,0,0,0,0,"1.76297424242424","2.06297424242424","3756","","Cer-NS(d21:2/36:1)-H",0,0,0,0,0,0,0,0,0,0,"1.76297424242424","2.06297424242424","3756","","Cer-NS(d21:2/36:1)-H",0,0,0,0,0,0,0,0,0,0,"1.76297424242424","2.06297424242424","3756","","Cer-NS(d21:2/36:1)-H","854.8329","824.8224","822.8067","806.8118","574.5563","558.5614","303.2693","532.5463","277.2537","515.5197","1.76297424242424","2.06297424242424","3756"
"","Cer-NS(d21:2/36:1)-H",0,0,0,0,0,0,0,0,0,0,"13.114903030303","13.414903030303","4035","","Cer-NS(d21:2/36:1)-H",0,0,0,0,0,0,0,0,0,0,"13.114903030303","13.414903030303","4035","","Cer-NS(d21:2/36:1)-H",0,0,0,0,0,0,0,0,0,0,"13.114903030303","13.414903030303","4035","","Cer-NS(d21:2/36:1)-H",0,0,0,0,0,0,0,0,0,0,"13.114903030303","13.414903030303","4035","","Cer-NS(d21:2/36:1)-H",0,0,0,0,0,0,0,0,0,0,"13.114903030303","13.414903030303","4035","","Cer-NS(d21:2/36:1)-H","854.8329","824.8224","822.8067","806.8118","574.5563","558.5614","303.2693","532.5463","277.2537","515.5197","13.114903030303","13.414903030303","4035"
"","Cer-NS(d21:3/36:0)-H",0,0,0,0,0,0,0,0,0,0,"1.76297424242424","2.06297424242424","3756","","Cer-NS(d21:3/36:0)-H",0,0,0,0,0,0,0,0,0,0,"1.76297424242424","2.06297424242424","3756","","Cer-NS(d21:3/36:0)-H",0,0,0,0,0,0,0,0,0,0,"1.76297424242424","2.06297424242424","3756","","Cer-NS(d21:3/36:0)-H",0,0,0,0,0,0,0,0,0,0,"1.76297424242424","2.06297424242424","3756","","Cer-NS(d21:3/36:0)-H",0,0,0,0,0,0,0,0,0,0,"1.76297424242424","2.06297424242424","3756","","Cer-NS(d21:3/36:0)-H","854.8329","824.8224","822.8067","806.8118","576.572","560.577","301.2537","534.562","275.238","517.5354","1.76297424242424","2.06297424242424","3756"
"","Cer-NS(d21:3/36:0)-H",0,0,0,0,0,0,0,0,0,0,"13.114903030303","13.414903030303","4035","","Cer-NS(d21:3/36:0)-H",0,0,0,0,0,0,0,0,0,0,"13.114903030303","13.414903030303","4035","","Cer-NS(d21:3/36:0)-H",0,0,0,0,0,0,0,0,0,0,"13.114903030303","13.414903030303","4035","","Cer-NS(d21:3/36:0)-H",0,0,0,0,0,0,0,0,0,0,"13.114903030303","13.414903030303","4035","","Cer-NS(d21:3/36:0)-H",0,0,0,0,0,0,0,0,0,0,"13.114903030303","13.414903030303","4035","","Cer-NS(d21:3/36:0)-H","854.8329","824.8224","822.8067","806.8118","576.572","560.577","301.2537","534.562","275.238","517.5354","13.114903030303","13.414903030303","4035"
"","Cer-NS(d22:2/35:1)-H",0,0,0,0,0,0,0,0,0,0,"1.76297424242424","2.06297424242424","3756","","Cer-NS(d22:2/35:1)-H",0,0,0,0,0,0,0,0,0,0,"1.76297424242424","2.06297424242424","3756","","Cer-NS(d22:2/35:1)-H",0,0,0,0,0,0,0,0,0,0,"1.76297424242424","2.06297424242424","3756","","Cer-NS(d22:2/35:1)-H",0,0,0,0,0,0,0,0,0,0,"1.76297424242424","2.06297424242424","3756","","Cer-NS(d22:2/35:1)-H",0,0,0,0,0,0,0,0,0,0,"1.76297424242424","2.06297424242424","3756","","Cer-NS(d22:2/35:1)-H","854.8329","824.8224","822.8067","806.8118","560.5406","544.5458","317.285","518.5306","291.2693","501.5041","1.76297424242424","2.06297424242424","3756"
"","Cer-NS(d22:2/35:1)-H",0,0,0,0,0,0,0,0,0,0,"13.114903030303","13.414903030303","4035","","Cer-NS(d22:2/35:1)-H",0,0,0,0,0,0,0,0,0,0,"13.114903030303","13.414903030303","4035","","Cer-NS(d22:2/35:1)-H",0,0,0,0,0,0,0,0,0,0,"13.114903030303","13.414903030303","4035","","Cer-NS(d22:2/35:1)-H",0,0,0,0,0,0,0,0,0,0,"13.114903030303","13.414903030303","4035","","Cer-NS(d22:2/35:1)-H",0,0,0,0,0,0,0,0,0,0,"13.114903030303","13.414903030303","4035","","Cer-NS(d22:2/35:1)-H","854.8329","824.8224","822.8067","806.8118","560.5406","544.5458","317.285","518.5306","291.2693","501.5041","13.114903030303","13.414903030303","4035"
"","Cer-NS(d22:3/35:0)-H",0,0,0,0,0,0,0,0,0,0,"1.76297424242424","2.06297424242424","3756","","Cer-NS(d22:3/35:0)-H",0,0,0,0,0,0,0,0,0,0,"1.76297424242424","2.06297424242424","3756","","Cer-NS(d22:3/35:0)-H",0,0,0,0,0,0,0,0,0,0,"1.76297424242424","2.06297424242424","3756","","Cer-NS(d22:3/35:0)-H",0,0,0,0,0,0,0,0,0,0,"1.76297424242424","2.06297424242424","3756","","Cer-NS(d22:3/35:0)-H",0,0,0,0,0,0,0,0,0,0,"1.76297424242424","2.06297424242424","3756","","Cer-NS(d22:3/35:0)-H","854.8329","824.8224","822.8067","806.8118","562.5563","546.5614","315.2693","520.5463","289.2537","503.5197","1.76297424242424","2.06297424242424","3756"
"","Cer-NS(d22:3/35:0)-H",0,0,0,0,0,0,0,0,0,0,"13.114903030303","13.414903030303","4035","","Cer-NS(d22:3/35:0)-H",0,0,0,0,0,0,0,0,0,0,"13.114903030303","13.414903030303","4035","","Cer-NS(d22:3/35:0)-H",0,0,0,0,0,0,0,0,0,0,"13.114903030303","13.414903030303","4035","","Cer-NS(d22:3/35:0)-H",0,0,0,0,0,0,0,0,0,0,"13.114903030303","13.414903030303","4035","","Cer-NS(d22:3/35:0)-H",0,0,0,0,0,0,0,0,0,0,"13.114903030303","13.414903030303","4035","","Cer-NS(d22:3/35:0)-H","854.8329","824.8224","822.8067","806.8118","562.5563","546.5614","315.2693","520.5463","289.2537","503.5197","13.114903030303","13.414903030303","4035"
"","Cer-NS(d23:1/34:2)-H",0,0,0,0,0,0,0,0,0,0,"1.76297424242424","2.06297424242424","3756","","Cer-NS(d23:1/34:2)-H",0,0,0,0,0,0,0,0,0,0,"1.76297424242424","2.06297424242424","3756","","Cer-NS(d23:1/34:2)-H",0,0,0,0,0,0,0,0,0,0,"1.76297424242424","2.06297424242424","3756","","Cer-NS(d23:1/34:2)-H",0,0,0,0,0,0,0,0,0,0,"1.76297424242424","2.06297424242424","3756","","Cer-NS(d23:1/34:2)-H",0,0,0,0,0,0,0,0,0,0,"1.76297424242424","2.06297424242424","3756","","Cer-NS(d23:1/34:2)-H","854.8329","824.8224","822.8067","806.8118","544.5094","528.5145","333.3163","502.4993","307.3006","485.4728","1.76297424242424","2.06297424242424","3756"
"","Cer-NS(d23:1/34:2)-H",0,0,0,0,0,0,0,0,0,0,"13.114903030303","13.414903030303","4035","","Cer-NS(d23:1/34:2)-H",0,0,0,0,0,0,0,0,0,0,"13.114903030303","13.414903030303","4035","","Cer-NS(d23:1/34:2)-H",0,0,0,0,0,0,0,0,0,0,"13.114903030303","13.414903030303","4035","","Cer-NS(d23:1/34:2)-H",0,0,0,0,0,0,0,0,0,0,"13.114903030303","13.414903030303","4035","","Cer-NS(d23:1/34:2)-H",0,0,0,0,0,0,0,0,0,0,"13.114903030303","13.414903030303","4035","","Cer-NS(d23:1/34:2)-H","854.8329","824.8224","822.8067","806.8118","544.5094","528.5145","333.3163","502.4993","307.3006","485.4728","13.114903030303","13.414903030303","4035"
"","Cer-NS(d23:2/34:1)-H",0,0,0,0,0,0,0,0,0,0,"1.76297424242424","2.06297424242424","3756","","Cer-NS(d23:2/34:1)-H",0,0,0,0,0,0,0,0,0,0,"1.76297424242424","2.06297424242424","3756","","Cer-NS(d23:2/34:1)-H",0,0,0,0,0,0,0,0,0,0,"1.76297424242424","2.06297424242424","3756","","Cer-NS(d23:2/34:1)-H",0,0,0,0,0,0,0,0,0,0,"1.76297424242424","2.06297424242424","3756","","Cer-NS(d23:2/34:1)-H",0,0,0,0,0,0,0,0,0,0,"1.76297424242424","2.06297424242424","3756","","Cer-NS(d23:2/34:1)-H","854.8329","824.8224","822.8067","806.8118","546.525","530.5301","331.3006","504.515","305.285","487.4884","1.76297424242424","2.06297424242424","3756"
"","Cer-NS(d23:2/34:1)-H",0,0,0,0,0,0,0,0,0,0,"13.114903030303","13.414903030303","4035","","Cer-NS(d23:2/34:1)-H",0,0,0,0,0,0,0,0,0,0,"13.114903030303","13.414903030303","4035","","Cer-NS(d23:2/34:1)-H",0,0,0,0,0,0,0,0,0,0,"13.114903030303","13.414903030303","4035","","Cer-NS(d23:2/34:1)-H",0,0,0,0,0,0,0,0,0,0,"13.114903030303","13.414903030303","4035","","Cer-NS(d23:2/34:1)-H",0,0,0,0,0,0,0,0,0,0,"13.114903030303","13.414903030303","4035","","Cer-NS(d23:2/34:1)-H","854.8329","824.8224","822.8067","806.8118","546.525","530.5301","331.3006","504.515","305.285","487.4884","13.114903030303","13.414903030303","4035"
"","Cer-NS(d23:3/34:0)-H",0,0,0,0,0,0,0,0,0,0,"1.76297424242424","2.06297424242424","3756","","Cer-NS(d23:3/34:0)-H",0,0,0,0,0,0,0,0,0,0,"1.76297424242424","2.06297424242424","3756","","Cer-NS(d23:3/34:0)-H",0,0,0,0,0,0,0,0,0,0,"1.76297424242424","2.06297424242424","3756","","Cer-NS(d23:3/34:0)-H",0,0,0,0,0,0,0,0,0,0,"1.76297424242424","2.06297424242424","3756","","Cer-NS(d23:3/34:0)-H",0,0,0,0,0,0,0,0,0,0,"1.76297424242424","2.06297424242424","3756","","Cer-NS(d23:3/34:0)-H","854.8329","824.8224","822.8067","806.8118","548.5406","532.5458","329.285","506.5306","303.2693","489.5041","1.76297424242424","2.06297424242424","3756"
"","Cer-NS(d23:3/34:0)-H",0,0,0,0,0,0,0,0,0,0,"13.114903030303","13.414903030303","4035","","Cer-NS(d23:3/34:0)-H",0,0,0,0,0,0,0,0,0,0,"13.114903030303","13.414903030303","4035","","Cer-NS(d23:3/34:0)-H",0,0,0,0,0,0,0,0,0,0,"13.114903030303","13.414903030303","4035","","Cer-NS(d23:3/34:0)-H",0,0,0,0,0,0,0,0,0,0,"13.114903030303","13.414903030303","4035","","Cer-NS(d23:3/34:0)-H",0,0,0,0,0,0,0,0,0,0,"13.114903030303","13.414903030303","4035","","Cer-NS(d23:3/34:0)-H","854.8329","824.8224","822.8067","806.8118","548.5406","532.5458","329.285","506.5306","303.2693","489.5041","13.114903030303","13.414903030303","4035"
"","Cer-NS(d24:2/33:1)-H",0,0,0,0,0,0,0,0,0,0,"1.76297424242424","2.06297424242424","3756","","Cer-NS(d24:2/33:1)-H",0,0,0,0,0,0,0,0,0,0,"1.76297424242424","2.06297424242424","3756","","Cer-NS(d24:2/33:1)-H",0,0,0,0,0,0,0,0,0,0,"1.76297424242424","2.06297424242424","3756","","Cer-NS(d24:2/33:1)-H",0,0,0,0,0,0,0,0,0,0,"1.76297424242424","2.06297424242424","3756","","Cer-NS(d24:2/33:1)-H",0,0,0,0,0,0,0,0,0,0,"1.76297424242424","2.06297424242424","3756","","Cer-NS(d24:2/33:1)-H","854.8329","824.8224","822.8067","806.8118","532.5094","516.5145","345.3163","490.4993","319.3006","473.4728","1.76297424242424","2.06297424242424","3756"
"","Cer-NS(d24:2/33:1)-H",0,0,0,0,0,0,0,0,0,0,"13.114903030303","13.414903030303","4035","","Cer-NS(d24:2/33:1)-H",0,0,0,0,0,0,0,0,0,0,"13.114903030303","13.414903030303","4035","","Cer-NS(d24:2/33:1)-H",0,0,0,0,0,0,0,0,0,0,"13.114903030303","13.414903030303","4035","","Cer-NS(d24:2/33:1)-H",0,0,0,0,0,0,0,0,0,0,"13.114903030303","13.414903030303","4035","","Cer-NS(d24:2/33:1)-H",0,0,0,0,0,0,0,0,0,0,"13.114903030303","13.414903030303","4035","","Cer-NS(d24:2/33:1)-H","854.8329","824.8224","822.8067","806.8118","532.5094","516.5145","345.3163","490.4993","319.3006","473.4728","13.114903030303","13.414903030303","4035"
"","Cer-NS(d24:3/33:0)-H",0,0,0,0,0,0,0,0,0,0,"1.76297424242424","2.06297424242424","3756","","Cer-NS(d24:3/33:0)-H",0,0,0,0,0,0,0,0,0,0,"1.76297424242424","2.06297424242424","3756","","Cer-NS(d24:3/33:0)-H",0,0,0,0,0,0,0,0,0,0,"1.76297424242424","2.06297424242424","3756","","Cer-NS(d24:3/33:0)-H",0,0,0,0,0,0,0,0,0,0,"1.76297424242424","2.06297424242424","3756","","Cer-NS(d24:3/33:0)-H",0,0,0,0,0,0,0,0,0,0,"1.76297424242424","2.06297424242424","3756","","Cer-NS(d24:3/33:0)-H","854.8329","824.8224","822.8067","806.8118","534.525","518.5301","343.3006","492.515","317.285","475.4884","1.76297424242424","2.06297424242424","3756"
"","Cer-NS(d24:3/33:0)-H",0,0,0,0,0,0,0,0,0,0,"13.114903030303","13.414903030303","4035","","Cer-NS(d24:3/33:0)-H",0,0,0,0,0,0,0,0,0,0,"13.114903030303","13.414903030303","4035","","Cer-NS(d24:3/33:0)-H",0,0,0,0,0,0,0,0,0,0,"13.114903030303","13.414903030303","4035","","Cer-NS(d24:3/33:0)-H",0,0,0,0,0,0,0,0,0,0,"13.114903030303","13.414903030303","4035","","Cer-NS(d24:3/33:0)-H",0,0,0,0,0,0,0,0,0,0,"13.114903030303","13.414903030303","4035","","Cer-NS(d24:3/33:0)-H","854.8329","824.8224","822.8067","806.8118","534.525","518.5301","343.3006","492.515","317.285","475.4884","13.114903030303","13.414903030303","4035"
"","Cer-NS(d25:1/32:2)-H",0,0,0,0,0,0,0,0,0,0,"1.76297424242424","2.06297424242424","3756","","Cer-NS(d25:1/32:2)-H",0,0,0,0,0,0,0,0,0,0,"1.76297424242424","2.06297424242424","3756","","Cer-NS(d25:1/32:2)-H",0,0,0,0,0,0,0,0,0,0,"1.76297424242424","2.06297424242424","3756","","Cer-NS(d25:1/32:2)-H",0,0,0,0,0,0,0,0,0,0,"1.76297424242424","2.06297424242424","3756","","Cer-NS(d25:1/32:2)-H",0,0,0,0,0,0,0,0,0,0,"1.76297424242424","2.06297424242424","3756","","Cer-NS(d25:1/32:2)-H","854.8329","824.8224","822.8067","806.8118","516.4781","500.4832","361.3476","474.468","335.3319","457.4415","1.76297424242424","2.06297424242424","3756"
"","Cer-NS(d25:1/32:2)-H",0,0,0,0,0,0,0,0,0,0,"13.114903030303","13.414903030303","4035","","Cer-NS(d25:1/32:2)-H",0,0,0,0,0,0,0,0,0,0,"13.114903030303","13.414903030303","4035","","Cer-NS(d25:1/32:2)-H",0,0,0,0,0,0,0,0,0,0,"13.114903030303","13.414903030303","4035","","Cer-NS(d25:1/32:2)-H",0,0,0,0,0,0,0,0,0,0,"13.114903030303","13.414903030303","4035","","Cer-NS(d25:1/32:2)-H",0,0,0,0,0,0,0,0,0,0,"13.114903030303","13.414903030303","4035","","Cer-NS(d25:1/32:2)-H","854.8329","824.8224","822.8067","806.8118","516.4781","500.4832","361.3476","474.468","335.3319","457.4415","13.114903030303","13.414903030303","4035"
"","Cer-NS(d25:2/32:1)-H",0,0,0,0,0,0,0,0,0,0,"1.76297424242424","2.06297424242424","3756","","Cer-NS(d25:2/32:1)-H",0,0,0,0,0,0,0,0,0,0,"1.76297424242424","2.06297424242424","3756","","Cer-NS(d25:2/32:1)-H",0,0,0,0,0,0,0,0,0,0,"1.76297424242424","2.06297424242424","3756","","Cer-NS(d25:2/32:1)-H",0,0,0,0,0,0,0,0,0,0,"1.76297424242424","2.06297424242424","3756","","Cer-NS(d25:2/32:1)-H",0,0,0,0,0,0,0,0,0,0,"1.76297424242424","2.06297424242424","3756","","Cer-NS(d25:2/32:1)-H","854.8329","824.8224","822.8067","806.8118","518.4937","502.4988","359.3319","476.4837","333.3163","459.4572","1.76297424242424","2.06297424242424","3756"
"","Cer-NS(d25:2/32:1)-H",0,0,0,0,0,0,0,0,0,0,"13.114903030303","13.414903030303","4035","","Cer-NS(d25:2/32:1)-H",0,0,0,0,0,0,0,0,0,0,"13.114903030303","13.414903030303","4035","","Cer-NS(d25:2/32:1)-H",0,0,0,0,0,0,0,0,0,0,"13.114903030303","13.414903030303","4035","","Cer-NS(d25:2/32:1)-H",0,0,0,0,0,0,0,0,0,0,"13.114903030303","13.414903030303","4035","","Cer-NS(d25:2/32:1)-H",0,0,0,0,0,0,0,0,0,0,"13.114903030303","13.414903030303","4035","","Cer-NS(d25:2/32:1)-H","854.8329","824.8224","822.8067","806.8118","518.4937","502.4988","359.3319","476.4837","333.3163","459.4572","13.114903030303","13.414903030303","4035"
"","Cer-NS(d25:3/32:0)-H",0,0,0,0,0,0,0,0,0,0,"1.76297424242424","2.06297424242424","3756","","Cer-NS(d25:3/32:0)-H",0,0,0,0,0,0,0,0,0,0,"1.76297424242424","2.06297424242424","3756","","Cer-NS(d25:3/32:0)-H",0,0,0,0,0,0,0,0,0,0,"1.76297424242424","2.06297424242424","3756","","Cer-NS(d25:3/32:0)-H",0,0,0,0,0,0,0,0,0,0,"1.76297424242424","2.06297424242424","3756","","Cer-NS(d25:3/32:0)-H",0,0,0,0,0,0,0,0,0,0,"1.76297424242424","2.06297424242424","3756","","Cer-NS(d25:3/32:0)-H","854.8329","824.8224","822.8067","806.8118","520.5094","504.5144","357.3163","478.4993","331.3006","461.4728","1.76297424242424","2.06297424242424","3756"
"","Cer-NS(d25:3/32:0)-H",0,0,0,0,0,0,0,0,0,0,"13.114903030303","13.414903030303","4035","","Cer-NS(d25:3/32:0)-H",0,0,0,0,0,0,0,0,0,0,"13.114903030303","13.414903030303","4035","","Cer-NS(d25:3/32:0)-H",0,0,0,0,0,0,0,0,0,0,"13.114903030303","13.414903030303","4035","","Cer-NS(d25:3/32:0)-H",0,0,0,0,0,0,0,0,0,0,"13.114903030303","13.414903030303","4035","","Cer-NS(d25:3/32:0)-H",0,0,0,0,0,0,0,0,0,0,"13.114903030303","13.414903030303","4035","","Cer-NS(d25:3/32:0)-H","854.8329","824.8224","822.8067","806.8118","520.5094","504.5144","357.3163","478.4993","331.3006","461.4728","13.114903030303","13.414903030303","4035"
"","Cer-NS(d26:2/31:1)-H",0,0,0,0,0,0,0,0,0,0,"1.76297424242424","2.06297424242424","3756","","Cer-NS(d26:2/31:1)-H",0,0,0,0,0,0,0,0,0,0,"1.76297424242424","2.06297424242424","3756","","Cer-NS(d26:2/31:1)-H",0,0,0,0,0,0,0,0,0,0,"1.76297424242424","2.06297424242424","3756","","Cer-NS(d26:2/31:1)-H",0,0,0,0,0,0,0,0,0,0,"1.76297424242424","2.06297424242424","3756","","Cer-NS(d26:2/31:1)-H",0,0,0,0,0,0,0,0,0,0,"1.76297424242424","2.06297424242424","3756","","Cer-NS(d26:2/31:1)-H","854.8329","824.8224","822.8067","806.8118","504.4781","488.4832","373.3476","462.468","347.3319","445.4415","1.76297424242424","2.06297424242424","3756"
"","Cer-NS(d26:2/31:1)-H",0,0,0,0,0,0,0,0,0,0,"13.114903030303","13.414903030303","4035","","Cer-NS(d26:2/31:1)-H",0,0,0,0,0,0,0,0,0,0,"13.114903030303","13.414903030303","4035","","Cer-NS(d26:2/31:1)-H",0,0,0,0,0,0,0,0,0,0,"13.114903030303","13.414903030303","4035","","Cer-NS(d26:2/31:1)-H",0,0,0,0,0,0,0,0,0,0,"13.114903030303","13.414903030303","4035","","Cer-NS(d26:2/31:1)-H",0,0,0,0,0,0,0,0,0,0,"13.114903030303","13.414903030303","4035","","Cer-NS(d26:2/31:1)-H","854.8329","824.8224","822.8067","806.8118","504.4781","488.4832","373.3476","462.468","347.3319","445.4415","13.114903030303","13.414903030303","4035"
"","Cer-NS(d26:3/31:0)-H",0,0,0,0,0,0,0,0,0,0,"1.76297424242424","2.06297424242424","3756","","Cer-NS(d26:3/31:0)-H",0,0,0,0,0,0,0,0,0,0,"1.76297424242424","2.06297424242424","3756","","Cer-NS(d26:3/31:0)-H",0,0,0,0,0,0,0,0,0,0,"1.76297424242424","2.06297424242424","3756","","Cer-NS(d26:3/31:0)-H",0,0,0,0,0,0,0,0,0,0,"1.76297424242424","2.06297424242424","3756","","Cer-NS(d26:3/31:0)-H",0,0,0,0,0,0,0,0,0,0,"1.76297424242424","2.06297424242424","3756","","Cer-NS(d26:3/31:0)-H","854.8329","824.8224","822.8067","806.8118","506.4937","490.4988","371.3319","464.4837","345.3163","447.4572","1.76297424242424","2.06297424242424","3756"
"","Cer-NS(d26:3/31:0)-H",0,0,0,0,0,0,0,0,0,0,"13.114903030303","13.414903030303","4035","","Cer-NS(d26:3/31:0)-H",0,0,0,0,0,0,0,0,0,0,"13.114903030303","13.414903030303","4035","","Cer-NS(d26:3/31:0)-H",0,0,0,0,0,0,0,0,0,0,"13.114903030303","13.414903030303","4035","","Cer-NS(d26:3/31:0)-H",0,0,0,0,0,0,0,0,0,0,"13.114903030303","13.414903030303","4035","","Cer-NS(d26:3/31:0)-H",0,0,0,0,0,0,0,0,0,0,"13.114903030303","13.414903030303","4035","","Cer-NS(d26:3/31:0)-H","854.8329","824.8224","822.8067","806.8118","506.4937","490.4988","371.3319","464.4837","345.3163","447.4572","13.114903030303","13.414903030303","4035"
"","Cer-NS(d27:1/30:2)-H",0,0,0,0,0,0,0,0,0,0,"1.76297424242424","2.06297424242424","3756","","Cer-NS(d27:1/30:2)-H",0,0,0,0,0,0,0,0,0,0,"1.76297424242424","2.06297424242424","3756","","Cer-NS(d27:1/30:2)-H",0,0,0,0,0,0,0,0,0,0,"1.76297424242424","2.06297424242424","3756","","Cer-NS(d27:1/30:2)-H",0,0,0,0,0,0,0,0,0,0,"1.76297424242424","2.06297424242424","3756","","Cer-NS(d27:1/30:2)-H",0,0,0,0,0,0,0,0,0,0,"1.76297424242424","2.06297424242424","3756","","Cer-NS(d27:1/30:2)-H","854.8329","824.8224","822.8067","806.8118","488.4468","472.4518","389.3789","446.4367","363.3633","429.4102","1.76297424242424","2.06297424242424","3756"
"","Cer-NS(d27:1/30:2)-H",0,0,0,0,0,0,0,0,0,0,"13.114903030303","13.414903030303","4035","","Cer-NS(d27:1/30:2)-H",0,0,0,0,0,0,0,0,0,0,"13.114903030303","13.414903030303","4035","","Cer-NS(d27:1/30:2)-H",0,0,0,0,0,0,0,0,0,0,"13.114903030303","13.414903030303","4035","","Cer-NS(d27:1/30:2)-H",0,0,0,0,0,0,0,0,0,0,"13.114903030303","13.414903030303","4035","","Cer-NS(d27:1/30:2)-H",0,0,0,0,0,0,0,0,0,0,"13.114903030303","13.414903030303","4035","","Cer-NS(d27:1/30:2)-H","854.8329","824.8224","822.8067","806.8118","488.4468","472.4518","389.3789","446.4367","363.3633","429.4102","13.114903030303","13.414903030303","4035"
"","Cer-NS(d27:2/30:1)-H",0,0,0,0,0,0,0,0,0,0,"1.76297424242424","2.06297424242424","3756","","Cer-NS(d27:2/30:1)-H",0,0,0,0,0,0,0,0,0,0,"1.76297424242424","2.06297424242424","3756","","Cer-NS(d27:2/30:1)-H",0,0,0,0,0,0,0,0,0,0,"1.76297424242424","2.06297424242424","3756","","Cer-NS(d27:2/30:1)-H",0,0,0,0,0,0,0,0,0,0,"1.76297424242424","2.06297424242424","3756","","Cer-NS(d27:2/30:1)-H",0,0,0,0,0,0,0,0,0,0,"1.76297424242424","2.06297424242424","3756","","Cer-NS(d27:2/30:1)-H","854.8329","824.8224","822.8067","806.8118","490.4624","474.4675","387.3633","448.4524","361.3476","431.4258","1.76297424242424","2.06297424242424","3756"
"","Cer-NS(d27:2/30:1)-H",0,0,0,0,0,0,0,0,0,0,"13.114903030303","13.414903030303","4035","","Cer-NS(d27:2/30:1)-H",0,0,0,0,0,0,0,0,0,0,"13.114903030303","13.414903030303","4035","","Cer-NS(d27:2/30:1)-H",0,0,0,0,0,0,0,0,0,0,"13.114903030303","13.414903030303","4035","","Cer-NS(d27:2/30:1)-H",0,0,0,0,0,0,0,0,0,0,"13.114903030303","13.414903030303","4035","","Cer-NS(d27:2/30:1)-H",0,0,0,0,0,0,0,0,0,0,"13.114903030303","13.414903030303","4035","","Cer-NS(d27:2/30:1)-H","854.8329","824.8224","822.8067","806.8118","490.4624","474.4675","387.3633","448.4524","361.3476","431.4258","13.114903030303","13.414903030303","4035"
"","Cer-NS(d27:3/30:0)-H",0,0,0,0,0,0,0,0,0,0,"1.76297424242424","2.06297424242424","3756","","Cer-NS(d27:3/30:0)-H",0,0,0,0,0,0,0,0,0,0,"1.76297424242424","2.06297424242424","3756","","Cer-NS(d27:3/30:0)-H",0,0,0,0,0,0,0,0,0,0,"1.76297424242424","2.06297424242424","3756","","Cer-NS(d27:3/30:0)-H",0,0,0,0,0,0,0,0,0,0,"1.76297424242424","2.06297424242424","3756","","Cer-NS(d27:3/30:0)-H",0,0,0,0,0,0,0,0,0,0,"1.76297424242424","2.06297424242424","3756","","Cer-NS(d27:3/30:0)-H","854.8329","824.8224","822.8067","806.8118","492.4781","476.4832","385.3476","450.468","359.3319","433.4415","1.76297424242424","2.06297424242424","3756"
"","Cer-NS(d27:3/30:0)-H",0,0,0,0,0,0,0,0,0,0,"13.114903030303","13.414903030303","4035","","Cer-NS(d27:3/30:0)-H",0,0,0,0,0,0,0,0,0,0,"13.114903030303","13.414903030303","4035","","Cer-NS(d27:3/30:0)-H",0,0,0,0,0,0,0,0,0,0,"13.114903030303","13.414903030303","4035","","Cer-NS(d27:3/30:0)-H",0,0,0,0,0,0,0,0,0,0,"13.114903030303","13.414903030303","4035","","Cer-NS(d27:3/30:0)-H",0,0,0,0,0,0,0,0,0,0,"13.114903030303","13.414903030303","4035","","Cer-NS(d27:3/30:0)-H","854.8329","824.8224","822.8067","806.8118","492.4781","476.4832","385.3476","450.468","359.3319","433.4415","13.114903030303","13.414903030303","4035"
"","Cer-NS(d28:2/29:1)-H",0,0,0,0,0,0,0,0,0,0,"1.76297424242424","2.06297424242424","3756","","Cer-NS(d28:2/29:1)-H",0,0,0,0,0,0,0,0,0,0,"1.76297424242424","2.06297424242424","3756","","Cer-NS(d28:2/29:1)-H",0,0,0,0,0,0,0,0,0,0,"1.76297424242424","2.06297424242424","3756","","Cer-NS(d28:2/29:1)-H",0,0,0,0,0,0,0,0,0,0,"1.76297424242424","2.06297424242424","3756","","Cer-NS(d28:2/29:1)-H",0,0,0,0,0,0,0,0,0,0,"1.76297424242424","2.06297424242424","3756","","Cer-NS(d28:2/29:1)-H","854.8329","824.8224","822.8067","806.8118","476.4468","460.4518","401.3789","434.4367","375.3633","417.4102","1.76297424242424","2.06297424242424","3756"
"","Cer-NS(d28:2/29:1)-H",0,0,0,0,0,0,0,0,0,0,"13.114903030303","13.414903030303","4035","","Cer-NS(d28:2/29:1)-H",0,0,0,0,0,0,0,0,0,0,"13.114903030303","13.414903030303","4035","","Cer-NS(d28:2/29:1)-H",0,0,0,0,0,0,0,0,0,0,"13.114903030303","13.414903030303","4035","","Cer-NS(d28:2/29:1)-H",0,0,0,0,0,0,0,0,0,0,"13.114903030303","13.414903030303","4035","","Cer-NS(d28:2/29:1)-H",0,0,0,0,0,0,0,0,0,0,"13.114903030303","13.414903030303","4035","","Cer-NS(d28:2/29:1)-H","854.8329","824.8224","822.8067","806.8118","476.4468","460.4518","401.3789","434.4367","375.3633","417.4102","13.114903030303","13.414903030303","4035"
"","Cer-NS(d28:3/29:0)-H",0,0,0,0,0,0,0,0,0,0,"1.76297424242424","2.06297424242424","3756","","Cer-NS(d28:3/29:0)-H",0,0,0,0,0,0,0,0,0,0,"1.76297424242424","2.06297424242424","3756","","Cer-NS(d28:3/29:0)-H",0,0,0,0,0,0,0,0,0,0,"1.76297424242424","2.06297424242424","3756","","Cer-NS(d28:3/29:0)-H",0,0,0,0,0,0,0,0,0,0,"1.76297424242424","2.06297424242424","3756","","Cer-NS(d28:3/29:0)-H",0,0,0,0,0,0,0,0,0,0,"1.76297424242424","2.06297424242424","3756","","Cer-NS(d28:3/29:0)-H","854.8329","824.8224","822.8067","806.8118","478.4624","462.4675","399.3633","436.4524","373.3476","419.4258","1.76297424242424","2.06297424242424","3756"
"","Cer-NS(d28:3/29:0)-H",0,0,0,0,0,0,0,0,0,0,"13.114903030303","13.414903030303","4035","","Cer-NS(d28:3/29:0)-H",0,0,0,0,0,0,0,0,0,0,"13.114903030303","13.414903030303","4035","","Cer-NS(d28:3/29:0)-H",0,0,0,0,0,0,0,0,0,0,"13.114903030303","13.414903030303","4035","","Cer-NS(d28:3/29:0)-H",0,0,0,0,0,0,0,0,0,0,"13.114903030303","13.414903030303","4035","","Cer-NS(d28:3/29:0)-H",0,0,0,0,0,0,0,0,0,0,"13.114903030303","13.414903030303","4035","","Cer-NS(d28:3/29:0)-H","854.8329","824.8224","822.8067","806.8118","478.4624","462.4675","399.3633","436.4524","373.3476","419.4258","13.114903030303","13.414903030303","4035"
"","Cer-NS(d29:1/28:2)-H",0,0,0,0,0,0,0,0,0,0,"1.76297424242424","2.06297424242424","3756","","Cer-NS(d29:1/28:2)-H",0,0,0,0,0,0,0,0,0,0,"1.76297424242424","2.06297424242424","3756","","Cer-NS(d29:1/28:2)-H",0,0,0,0,0,0,0,0,0,0,"1.76297424242424","2.06297424242424","3756","","Cer-NS(d29:1/28:2)-H",0,0,0,0,0,0,0,0,0,0,"1.76297424242424","2.06297424242424","3756","","Cer-NS(d29:1/28:2)-H",0,0,0,0,0,0,0,0,0,0,"1.76297424242424","2.06297424242424","3756","","Cer-NS(d29:1/28:2)-H","854.8329","824.8224","822.8067","806.8118","460.4155","444.4206","417.4102","418.4054","391.3945","401.3789","1.76297424242424","2.06297424242424","3756"
"","Cer-NS(d29:1/28:2)-H",0,0,0,0,0,0,0,0,0,0,"13.114903030303","13.414903030303","4035","","Cer-NS(d29:1/28:2)-H",0,0,0,0,0,0,0,0,0,0,"13.114903030303","13.414903030303","4035","","Cer-NS(d29:1/28:2)-H",0,0,0,0,0,0,0,0,0,0,"13.114903030303","13.414903030303","4035","","Cer-NS(d29:1/28:2)-H",0,0,0,0,0,0,0,0,0,0,"13.114903030303","13.414903030303","4035","","Cer-NS(d29:1/28:2)-H",0,0,0,0,0,0,0,0,0,0,"13.114903030303","13.414903030303","4035","","Cer-NS(d29:1/28:2)-H","854.8329","824.8224","822.8067","806.8118","460.4155","444.4206","417.4102","418.4054","391.3945","401.3789","13.114903030303","13.414903030303","4035"
"","Cer-NS(d29:2/28:1)-H",0,0,0,0,0,0,0,0,0,0,"1.76297424242424","2.06297424242424","3756","","Cer-NS(d29:2/28:1)-H",0,0,0,0,0,0,0,0,0,0,"1.76297424242424","2.06297424242424","3756","","Cer-NS(d29:2/28:1)-H",0,0,0,0,0,0,0,0,0,0,"1.76297424242424","2.06297424242424","3756","","Cer-NS(d29:2/28:1)-H",0,0,0,0,0,0,0,0,0,0,"1.76297424242424","2.06297424242424","3756","","Cer-NS(d29:2/28:1)-H",0,0,0,0,0,0,0,0,0,0,"1.76297424242424","2.06297424242424","3756","","Cer-NS(d29:2/28:1)-H","854.8329","824.8224","822.8067","806.8118","462.4311","446.4362","415.3945","420.4211","389.3789","403.3945","1.76297424242424","2.06297424242424","3756"
"","Cer-NS(d29:2/28:1)-H",0,0,0,0,0,0,0,0,0,0,"13.114903030303","13.414903030303","4035","","Cer-NS(d29:2/28:1)-H",0,0,0,0,0,0,0,0,0,0,"13.114903030303","13.414903030303","4035","","Cer-NS(d29:2/28:1)-H",0,0,0,0,0,0,0,0,0,0,"13.114903030303","13.414903030303","4035","","Cer-NS(d29:2/28:1)-H",0,0,0,0,0,0,0,0,0,0,"13.114903030303","13.414903030303","4035","","Cer-NS(d29:2/28:1)-H",0,0,0,0,0,0,0,0,0,0,"13.114903030303","13.414903030303","4035","","Cer-NS(d29:2/28:1)-H","854.8329","824.8224","822.8067","806.8118","462.4311","446.4362","415.3945","420.4211","389.3789","403.3945","13.114903030303","13.414903030303","4035"
"","Cer-NS(d29:3/28:0)-H",0,0,0,0,0,0,0,0,0,0,"1.76297424242424","2.06297424242424","3756","","Cer-NS(d29:3/28:0)-H",0,0,0,0,0,0,0,0,0,0,"1.76297424242424","2.06297424242424","3756","","Cer-NS(d29:3/28:0)-H",0,0,0,0,0,0,0,0,0,0,"1.76297424242424","2.06297424242424","3756","","Cer-NS(d29:3/28:0)-H",0,0,0,0,0,0,0,0,0,0,"1.76297424242424","2.06297424242424","3756","","Cer-NS(d29:3/28:0)-H",0,0,0,0,0,0,0,0,0,0,"1.76297424242424","2.06297424242424","3756","","Cer-NS(d29:3/28:0)-H","854.8329","824.8224","822.8067","806.8118","464.4468","448.4518","413.3789","422.4367","387.3633","405.4102","1.76297424242424","2.06297424242424","3756"
"","Cer-NS(d29:3/28:0)-H",0,0,0,0,0,0,0,0,0,0,"13.114903030303","13.414903030303","4035","","Cer-NS(d29:3/28:0)-H",0,0,0,0,0,0,0,0,0,0,"13.114903030303","13.414903030303","4035","","Cer-NS(d29:3/28:0)-H",0,0,0,0,0,0,0,0,0,0,"13.114903030303","13.414903030303","4035","","Cer-NS(d29:3/28:0)-H",0,0,0,0,0,0,0,0,0,0,"13.114903030303","13.414903030303","4035","","Cer-NS(d29:3/28:0)-H",0,0,0,0,0,0,0,0,0,0,"13.114903030303","13.414903030303","4035","","Cer-NS(d29:3/28:0)-H","854.8329","824.8224","822.8067","806.8118","464.4468","448.4518","413.3789","422.4367","387.3633","405.4102","13.114903030303","13.414903030303","4035"
"","Cer-NS(d30:2/27:1)-H",0,0,0,0,0,0,0,0,0,0,"1.76297424242424","2.06297424242424","3756","","Cer-NS(d30:2/27:1)-H",0,0,0,0,0,0,0,0,0,0,"1.76297424242424","2.06297424242424","3756","","Cer-NS(d30:2/27:1)-H",0,0,0,0,0,0,0,0,0,0,"1.76297424242424","2.06297424242424","3756","","Cer-NS(d30:2/27:1)-H",0,0,0,0,0,0,0,0,0,0,"1.76297424242424","2.06297424242424","3756","","Cer-NS(d30:2/27:1)-H",0,0,0,0,0,0,0,0,0,0,"1.76297424242424","2.06297424242424","3756","","Cer-NS(d30:2/27:1)-H","854.8329","824.8224","822.8067","806.8118","448.4155","432.4206","429.4102","406.4054","403.3945","389.3789","1.76297424242424","2.06297424242424","3756"
"","Cer-NS(d30:2/27:1)-H",0,0,0,0,0,0,0,0,0,0,"13.114903030303","13.414903030303","4035","","Cer-NS(d30:2/27:1)-H",0,0,0,0,0,0,0,0,0,0,"13.114903030303","13.414903030303","4035","","Cer-NS(d30:2/27:1)-H",0,0,0,0,0,0,0,0,0,0,"13.114903030303","13.414903030303","4035","","Cer-NS(d30:2/27:1)-H",0,0,0,0,0,0,0,0,0,0,"13.114903030303","13.414903030303","4035","","Cer-NS(d30:2/27:1)-H",0,0,0,0,0,0,0,0,0,0,"13.114903030303","13.414903030303","4035","","Cer-NS(d30:2/27:1)-H","854.8329","824.8224","822.8067","806.8118","448.4155","432.4206","429.4102","406.4054","403.3945","389.3789","13.114903030303","13.414903030303","4035"
"","Cer-NS(d30:3/27:0)-H",0,0,0,0,0,0,0,0,0,0,"1.76297424242424","2.06297424242424","3756","","Cer-NS(d30:3/27:0)-H",0,0,0,0,0,0,0,0,0,0,"1.76297424242424","2.06297424242424","3756","","Cer-NS(d30:3/27:0)-H",0,0,0,0,0,0,0,0,0,0,"1.76297424242424","2.06297424242424","3756","","Cer-NS(d30:3/27:0)-H",0,0,0,0,0,0,0,0,0,0,"1.76297424242424","2.06297424242424","3756","","Cer-NS(d30:3/27:0)-H",0,0,0,0,0,0,0,0,0,0,"1.76297424242424","2.06297424242424","3756","","Cer-NS(d30:3/27:0)-H","854.8329","824.8224","822.8067","806.8118","450.4311","434.4362","427.3945","408.4211","401.3789","391.3945","1.76297424242424","2.06297424242424","3756"
"","Cer-NS(d30:3/27:0)-H",0,0,0,0,0,0,0,0,0,0,"13.114903030303","13.414903030303","4035","","Cer-NS(d30:3/27:0)-H",0,0,0,0,0,0,0,0,0,0,"13.114903030303","13.414903030303","4035","","Cer-NS(d30:3/27:0)-H",0,0,0,0,0,0,0,0,0,0,"13.114903030303","13.414903030303","4035","","Cer-NS(d30:3/27:0)-H",0,0,0,0,0,0,0,0,0,0,"13.114903030303","13.414903030303","4035","","Cer-NS(d30:3/27:0)-H",0,0,0,0,0,0,0,0,0,0,"13.114903030303","13.414903030303","4035","","Cer-NS(d30:3/27:0)-H","854.8329","824.8224","822.8067","806.8118","450.4311","434.4362","427.3945","408.4211","401.3789","391.3945","13.114903030303","13.414903030303","4035"
